revenue_region_no,province,municipality,barangay,street_subdivision,vicinity,classification,zonal_value
" 01 - Calasiao, Pangasinan",ILOCOS NORTE,LAOAG CITY,NO. 1 - SAN LORENZO (POBLACION),DONA MARIA G. CASTRO ST (BRILLANTES STREET),D SAMONTE ST. - PRIMO LAZARO ST(P. BURGOS ST),RR,"7,300.00"
" 01 - Calasiao, Pangasinan",ILOCOS NORTE,LAOAG CITY,NO. 1 - SAN LORENZO (POBLACION),DONA MARIA G. CASTRO ST (BRILLANTES STREET),PRIMO LAZARO ST(P BURGOS ST)- RIZAL ST,CR*,"8,700.00"
" 01 - Calasiao, Pangasinan",ILOCOS NORTE,LAOAG CITY,NO. 1 - SAN LORENZO (POBLACION),DONA MARIA G. CASTRO ST (BRILLANTES STREET),D SAMONTE ST. - RIZAL ST,RR,"7,300.00"
" 01 - Calasiao, Pangasinan",ILOCOS NORTE,LAOAG CITY,NO. 1 - SAN LORENZO (POBLACION),DONA MARIA G. CASTRO ST (BRILLANTES STREET),INTERIOR,RR,"5,500.00"
" 01 - Calasiao, Pangasinan",ILOCOS NORTE,LAOAG CITY,NO. 1 - SAN LORENZO (POBLACION),D SAMONTE STREET,GOV. AGUEDO AGBAYANI ST(NOVALES ST) - JP RIZAL ST,CR,"10,400.00"
" 01 - Calasiao, Pangasinan",ILOCOS NORTE,LAOAG CITY,NO. 1 - SAN LORENZO (POBLACION),D SAMONTE STREET,GOV. AGUEDO AGBAYANI ST(NOVALES ST) - JP RIZAL ST,RR,"8,700.00"
" 01 - Calasiao, Pangasinan",ILOCOS NORTE,LAOAG CITY,NO. 1 - SAN LORENZO (POBLACION),F R CASTRO AVENUE,P DE GUAM ST - F R CASTRO,RR,"8,400.00"
" 01 - Calasiao, Pangasinan",ILOCOS NORTE,LAOAG CITY,NO. 1 - SAN LORENZO (POBLACION),F R CASTRO AVENUE,P. DE GUAM ST. (AGBAYANI ST) -P. GUERRERO ST,RR,"8,100.00"
" 01 - Calasiao, Pangasinan",ILOCOS NORTE,LAOAG CITY,NO. 1 - SAN LORENZO (POBLACION),F R CASTRO AVENUE,"P GUERRERO ST,-DEAD END",RR,"6,300.00"
" 01 - Calasiao, Pangasinan",ILOCOS NORTE,LAOAG CITY,NO. 1 - SAN LORENZO (POBLACION),F R CASTRO AVENUE,GOV. AGUEDO AGBAYANI ST(NOVALES ST) - P DE GUAM ST,RR,"8,200.00"
" 01 - Calasiao, Pangasinan",ILOCOS NORTE,LAOAG CITY,NO. 1 - SAN LORENZO (POBLACION),GEN LUNA ST.,GOV. AGUEDO AGBAYANI ST(NOVALES ST) - DON PERFECTO GUERRERO ST(SORIANO ST),CR,"11,300.00"
" 01 - Calasiao, Pangasinan",ILOCOS NORTE,LAOAG CITY,NO. 1 - SAN LORENZO (POBLACION),GEN LUNA ST.,GOV. AGUEDO AGBAYANI ST(NOVALES ST) - DON PERFECTO GUERRERO ST(SORIANO ST),RR,"9,800.00"
" 01 - Calasiao, Pangasinan",ILOCOS NORTE,LAOAG CITY,NO. 1 - SAN LORENZO (POBLACION),J. P. RIZAL ST.,GOV. AGUEDO AGBAYANI ST(NOVALES ST). - AVILA ST,CR,"13,600.00"
" 01 - Calasiao, Pangasinan",ILOCOS NORTE,LAOAG CITY,NO. 1 - SAN LORENZO (POBLACION),J. P. RIZAL ST.,GOV. AGUEDO AGBAYANI ST(NOVALES ST). - AVILA ST,RR,"9,000.00"
" 01 - Calasiao, Pangasinan",ILOCOS NORTE,LAOAG CITY,NO. 1 - SAN LORENZO (POBLACION),J. P. RIZAL ST.,DONA LAURIANA CID ST(AVILA ST). - LAPAZ ROAD,RR,"6,900.00"
" 01 - Calasiao, Pangasinan",ILOCOS NORTE,LAOAG CITY,NO. 1 - SAN LORENZO (POBLACION),LAKANDULA,PRIMO LAZARO ST(BURGOS ST)-J P RIZAL ST,RR,"5,500.00"
" 01 - Calasiao, Pangasinan",ILOCOS NORTE,LAOAG CITY,NO. 1 - SAN LORENZO (POBLACION),DON FRANCISCO FONTANILLA ST. (LISTO ST.),PRIMO LAZARO ST(P BURGOS ST) - J P RIZAL ST,CR*,"8,900.00"
" 01 - Calasiao, Pangasinan",ILOCOS NORTE,LAOAG CITY,NO. 1 - SAN LORENZO (POBLACION),DON FRANCISCO FONTANILLA ST. (LISTO ST.),PRIMO LAZARO ST(P BURGOS ST) - J P RIZAL ST,RR,"5,700.00"
" 01 - Calasiao, Pangasinan",ILOCOS NORTE,LAOAG CITY,NO. 1 - SAN LORENZO (POBLACION),GOV. AGUEDO AGBAYANI ST. (NOVALES ST).,"LAOAG RIVER - ANASTACIA G, TUPAS ST(L JAENA ST)",RR,"6,300.00"
" 01 - Calasiao, Pangasinan",ILOCOS NORTE,LAOAG CITY,NO. 1 - SAN LORENZO (POBLACION),GOV. AGUEDO AGBAYANI ST. (NOVALES ST).,"ANASTACIA G, TUPAS ST(L JAENA ST) - J P RIZAL ST",RR,"10,300.00"
" 01 - Calasiao, Pangasinan",ILOCOS NORTE,LAOAG CITY,NO. 1 - SAN LORENZO (POBLACION),GOV. AGUEDO AGBAYANI ST. (NOVALES ST).,J P RIZAL ST PRIMO LAZARO ST(-P BURGOS ST),CR*,"12,700.00"
" 01 - Calasiao, Pangasinan",ILOCOS NORTE,LAOAG CITY,NO. 1 - SAN LORENZO (POBLACION),GOV. AGUEDO AGBAYANI ST. (NOVALES ST).,J P RIZAL ST PRIMO LAZARO ST(-P BURGOS ST),RR,"10,700.00"
" 01 - Calasiao, Pangasinan",ILOCOS NORTE,LAOAG CITY,NO. 1 - SAN LORENZO (POBLACION),GOV. AGUEDO AGBAYANI ST. (NOVALES ST).,LAZARO ST - D SAMONTE ST,RR,"10,200.00"
" 01 - Calasiao, Pangasinan",ILOCOS NORTE,LAOAG CITY,NO. 1 - SAN LORENZO (POBLACION),GOV. AGUEDO AGBAYANI ST. (NOVALES ST).,D SAMONTE ST - P GOMBURZA ST(P. ZAMORA ST),RR,"10,200.00"
" 01 - Calasiao, Pangasinan",ILOCOS NORTE,LAOAG CITY,NO. 1 - SAN LORENZO (POBLACION),GOV. AGUEDO AGBAYANI ST. (NOVALES ST).,"ANASTACIA G, TUPAS ST(L JAENA ST) - P GOMBURZA ST (P ZAMORA ST)",RR,"10,000.00"
" 01 - Calasiao, Pangasinan",ILOCOS NORTE,LAOAG CITY,NO. 1 - SAN LORENZO (POBLACION),P. LAZARO ST. (P BURGOS ST.),GOV. AGUEDO AGBAYANI ST(NOVALES ST) - AVILA ST,RR,"10,000.00"
" 01 - Calasiao, Pangasinan",ILOCOS NORTE,LAOAG CITY,NO. 1 - SAN LORENZO (POBLACION),P. LAZARO ST. (P BURGOS ST.),GOV. AGUEDO AGBAYANI ST(NOVALES ST)-J P RIZAL ST,RR,"7,700.00"
" 01 - Calasiao, Pangasinan",ILOCOS NORTE,LAOAG CITY,NO. 1 - SAN LORENZO (POBLACION),GOMBURZA ST. (P ZAMORA ST.),GOV. AGUEDO AGBAYANI ST(NOVALES ST) - RIZAL ST,CR,"10,200.00"
" 01 - Calasiao, Pangasinan",ILOCOS NORTE,LAOAG CITY,NO. 1 - SAN LORENZO (POBLACION),GOMBURZA ST. (P ZAMORA ST.),GOV. AGUEDO AGBAYANI ST(NOVALES ST) - RIZAL ST,RR,"8,000.00"
" 01 - Calasiao, Pangasinan",ILOCOS NORTE,LAOAG CITY,NO. 1 - SAN LORENZO (POBLACION),GOMBURZA ST. (P ZAMORA ST.),RIZAL ST - GOMBURZA ST(P. ZAMORA ST),RR,"8,000.00"
" 01 - Calasiao, Pangasinan",ILOCOS NORTE,LAOAG CITY,NO. 1 - SAN LORENZO (POBLACION),GOMBURZA ST. (P ZAMORA ST.),RIZAL ST - DEAD END,RR,"5,200.00"
" 01 - Calasiao, Pangasinan",ILOCOS NORTE,LAOAG CITY,NO. 1 - SAN LORENZO (POBLACION),MARIA R. CRUSES ST (ROXAS ST).,GOMBURZA ST(P. ZAMORA ST) - D SAMONTE ST,CR*,"9,200.00"
" 01 - Calasiao, Pangasinan",ILOCOS NORTE,LAOAG CITY,NO. 1 - SAN LORENZO (POBLACION),MARIA R. CRUSES ST (ROXAS ST).,GOMBURZA ST(P. ZAMORA ST) - D SAMONTE ST,RR,"7,600.00"
" 01 - Calasiao, Pangasinan",ILOCOS NORTE,LAOAG CITY,NO. 1 - SAN LORENZO (POBLACION),MARIA R. CRUSES ST (ROXAS ST).,D SAMONTE ST - PRIMO LAZARO ST(P BURGOS ST),RR,"7,600.00"
" 01 - Calasiao, Pangasinan",ILOCOS NORTE,LAOAG CITY,NO. 1 - SAN LORENZO (POBLACION),MARIA R. CRUSES ST (ROXAS ST).,GOMBURZA ST(P. ZAMORA ST) - PRIMO LAZARO ST(P BURGOS ST),RR,"7,600.00"
" 01 - Calasiao, Pangasinan",ILOCOS NORTE,LAOAG CITY,NO. 1 - SAN LORENZO (POBLACION),DON GALICANO RAFALES ST. (RUIZ ST.),D SAMONTE ST - PRIMO LAZARO ST(P BURGOS ST),RR,"7,300.00"
" 01 - Calasiao, Pangasinan",ILOCOS NORTE,LAOAG CITY,NO. 1 - SAN LORENZO (POBLACION),DON GALICANO RAFALES ST. (RUIZ ST.),P LAZARO ST.-J P RIZAL ST,RR,"9,600.00"
" 01 - Calasiao, Pangasinan",ILOCOS NORTE,LAOAG CITY,NO. 1 - SAN LORENZO (POBLACION),DON PERFECTO GUERRERO ST. (SORIANO ST.),D SAMONTE ST - PRIMO LAZARO ST( P BURGOS ST),RR,"7,400.00"
" 01 - Calasiao, Pangasinan",ILOCOS NORTE,LAOAG CITY,NO. 1 - SAN LORENZO (POBLACION),DON PERFECTO GUERRERO ST. (SORIANO ST.),PRIMO LAZARO ST(P BURGOS ST) - GEN LUNA ST,RR,"7,600.00"
" 01 - Calasiao, Pangasinan",ILOCOS NORTE,LAOAG CITY,NO. 1 - SAN LORENZO (POBLACION),DON PERFECTO GUERRERO ST. (SORIANO ST.),PRIMO LAZARO ST(BURGOS ST)-J.P. RIZALS T,RR,"9,400.00"
" 01 - Calasiao, Pangasinan",ILOCOS NORTE,LAOAG CITY,NO. 1 - SAN LORENZO (POBLACION),DON PERFECTO GUERRERO ST. (SORIANO ST.),D SAMONTE ST-J P RIZAL ST,RR,"9,400.00"
" 01 - Calasiao, Pangasinan",ILOCOS NORTE,LAOAG CITY,NO. 1 - SAN LORENZO (POBLACION),LAZARO ST,GOV. AGUEDO AGBAYANI ST(NOVALES ST)-DONA LAURIANA CID ST(AVILA ST),RR,"9,400.00"
" 01 - Calasiao, Pangasinan",ILOCOS NORTE,LAOAG CITY,NO. 1 - SAN LORENZO (POBLACION),TUPAZ ST,AGBAYANI ST.-DEAD END,RR,"7,100.00"
" 01 - Calasiao, Pangasinan",ILOCOS NORTE,LAOAG CITY,NO. 1 - SAN LORENZO (POBLACION),A. CID ST.,D. SAMONTE ST- J.P RIZAL ST,CR,"12,800.00"
" 01 - Calasiao, Pangasinan",ILOCOS NORTE,LAOAG CITY,NO. 1 - SAN LORENZO (POBLACION),A. CID ST.,D. SAMONTE ST- J.P RIZAL ST,RR,"9,300.00"
" 01 - Calasiao, Pangasinan",ILOCOS NORTE,LAOAG CITY,NO. 1 - SAN LORENZO (POBLACION),ALL OTHER STREETS,ALONG THE ROAD,RR,"7,500.00"
" 01 - Calasiao, Pangasinan",ILOCOS NORTE,LAOAG CITY,NO. 1 - SAN LORENZO (POBLACION),ALL OTHER STREETS,ALONG THE ROAD,APD,"8,400.00"
" 01 - Calasiao, Pangasinan",ILOCOS NORTE,LAOAG CITY,NO. 1 - SAN LORENZO (POBLACION),ALL OTHER STREETS,ALONG THE ROAD,GL,"7,400.00"
" 01 - Calasiao, Pangasinan",ILOCOS NORTE,LAOAG CITY,NO. 1 - SAN LORENZO (POBLACION),ALL OTHER STREETS,ALONG THE ROAD,A1,"2,700.00"
" 01 - Calasiao, Pangasinan",ILOCOS NORTE,LAOAG CITY,NO. 1 - SAN LORENZO (POBLACION),ALL OTHER STREETS,ALONG THE ROAD,A2,"2,300.00"
" 01 - Calasiao, Pangasinan",ILOCOS NORTE,LAOAG CITY,NO. 1 - SAN LORENZO (POBLACION),ALL OTHER STREETS,ALONG THE ROAD,A50,"3,900.00"
" 01 - Calasiao, Pangasinan",ILOCOS NORTE,LAOAG CITY,NO. 1 - SAN LORENZO (POBLACION),ALL OTHER STREETS,INTERIOR LOTS,RR,"4,600.00"
" 01 - Calasiao, Pangasinan",ILOCOS NORTE,LAOAG CITY,NO. 1 - SAN LORENZO (POBLACION),ALL OTHER STREETS,INTERIOR LOTS,APD,"3,100.00"
" 01 - Calasiao, Pangasinan",ILOCOS NORTE,LAOAG CITY,NO. 1 - SAN LORENZO (POBLACION),ALL OTHER STREETS,INTERIOR LOTS,GL*,"3,200.00"
" 01 - Calasiao, Pangasinan",ILOCOS NORTE,LAOAG CITY,NO. 1 - SAN LORENZO (POBLACION),ALL OTHER STREETS,INTERIOR LOTS,A1*,"1,900.00"
" 01 - Calasiao, Pangasinan",ILOCOS NORTE,LAOAG CITY,NO. 1 - SAN LORENZO (POBLACION),ALL OTHER STREETS,INTERIOR LOTS,A2*,"1,500.00"
" 01 - Calasiao, Pangasinan",ILOCOS NORTE,LAOAG CITY,NO. 1 - SAN LORENZO (POBLACION),ALL OTHER STREETS,INTERIOR LOTS,A50*,"1,200.00"
" 01 - Calasiao, Pangasinan",ILOCOS NORTE,LAOAG CITY,NO. 2 - SANTA JOAQUINA (POBLACION),GOV. DAVID FLOR ST. (AMBARISTO ST.),"J LUNA ST - ANASTACIA G, TUPAZ ST(L JAENA ST)",RR,"7,600.00"
" 01 - Calasiao, Pangasinan",ILOCOS NORTE,LAOAG CITY,NO. 2 - SANTA JOAQUINA (POBLACION),GOV. DAVID FLOR ST. (AMBARISTO ST.),"ANASTACIA G, TUPAS ST(L JAENA ST) -D SAMONTE ST",CR*,"9,800.00"
" 01 - Calasiao, Pangasinan",ILOCOS NORTE,LAOAG CITY,NO. 2 - SANTA JOAQUINA (POBLACION),GOV. DAVID FLOR ST. (AMBARISTO ST.),"ANASTACIA G, TUPAS ST(L JAENA ST) -D SAMONTE ST",RR,"8,500.00"
" 01 - Calasiao, Pangasinan",ILOCOS NORTE,LAOAG CITY,NO. 2 - SANTA JOAQUINA (POBLACION),A P SANTOS ST,LAOAG RIVER - J LUNA ST,RR,"7,800.00"
" 01 - Calasiao, Pangasinan",ILOCOS NORTE,LAOAG CITY,NO. 2 - SANTA JOAQUINA (POBLACION),A P SANTOS ST,"J LUNA ST - ANASTACIA G, TUPAS ST(L JAENA ST)",CR*,"9,800.00"
" 01 - Calasiao, Pangasinan",ILOCOS NORTE,LAOAG CITY,NO. 2 - SANTA JOAQUINA (POBLACION),A P SANTOS ST,"J LUNA ST - ANASTACIA G, TUPAS ST(L JAENA ST)",RR,"8,500.00"
" 01 - Calasiao, Pangasinan",ILOCOS NORTE,LAOAG CITY,NO. 2 - SANTA JOAQUINA (POBLACION),A P SANTOS ST,"ANASTACIA G, TUPAS ST(L JAENA ST) - P GOMES ST",RR,"10,700.00"
" 01 - Calasiao, Pangasinan",ILOCOS NORTE,LAOAG CITY,NO. 2 - SANTA JOAQUINA (POBLACION),A P SANTOS ST,"ANASTACIA G, TUPAS ST(L JAENA ST) - GOMBURZA ST",CR*,"13,100.00"
" 01 - Calasiao, Pangasinan",ILOCOS NORTE,LAOAG CITY,NO. 2 - SANTA JOAQUINA (POBLACION),A P SANTOS ST,"ANASTACIA G, TUPAS ST(L JAENA ST) - GOMBURZA ST",RR,"10,900.00"
" 01 - Calasiao, Pangasinan",ILOCOS NORTE,LAOAG CITY,NO. 2 - SANTA JOAQUINA (POBLACION),D SAMONTE ST,A P SANTOS ST - GOV. AGUEDO AGBAYANI ST(NOVALES ST),CR*,"12,000.00"
" 01 - Calasiao, Pangasinan",ILOCOS NORTE,LAOAG CITY,NO. 2 - SANTA JOAQUINA (POBLACION),D SAMONTE ST,A P SANTOS ST - GOV. AGUEDO AGBAYANI ST(NOVALES ST),RR,"10,900.00"
" 01 - Calasiao, Pangasinan",ILOCOS NORTE,LAOAG CITY,NO. 2 - SANTA JOAQUINA (POBLACION),F R CASTRO AVENUE,A P SANTOS ST - GOV. AGUEDO AGBAYANI ST(NOVALES ST),CR*,"12,300.00"
" 01 - Calasiao, Pangasinan",ILOCOS NORTE,LAOAG CITY,NO. 2 - SANTA JOAQUINA (POBLACION),F R CASTRO AVENUE,A P SANTOS ST - GOV. AGUEDO AGBAYANI ST(NOVALES ST),RR,"10,700.00"
" 01 - Calasiao, Pangasinan",ILOCOS NORTE,LAOAG CITY,NO. 2 - SANTA JOAQUINA (POBLACION),DON VICENTE GIRON ST. (G DEL PILAR ST),"J LUNA ST - ANASTACIA G, TUPAS ST(L JAENA ST)",CR*,"9,300.00"
" 01 - Calasiao, Pangasinan",ILOCOS NORTE,LAOAG CITY,NO. 2 - SANTA JOAQUINA (POBLACION),DON VICENTE GIRON ST. (G DEL PILAR ST),"J LUNA ST - ANASTACIA G, TUPAS ST(L JAENA ST)",RR,"7,800.00"
" 01 - Calasiao, Pangasinan",ILOCOS NORTE,LAOAG CITY,NO. 2 - SANTA JOAQUINA (POBLACION),DON VICENTE GIRON ST. (G DEL PILAR ST),"ANASTACIA G, TUPAS ST(L JAENA ST) - P GOMEZ ST",CR*,"10,500.00"
" 01 - Calasiao, Pangasinan",ILOCOS NORTE,LAOAG CITY,NO. 2 - SANTA JOAQUINA (POBLACION),DON VICENTE GIRON ST. (G DEL PILAR ST),"ANASTACIA G, TUPAS ST(L JAENA ST) - P GOMEZ ST",RR,"8,800.00"
" 01 - Calasiao, Pangasinan",ILOCOS NORTE,LAOAG CITY,NO. 2 - SANTA JOAQUINA (POBLACION),GEN A LUNA ST,A P SANTOS ST - GOV. AGUEDO AGBAYANI ST(NOVALES ST),CR,"12,800.00"
" 01 - Calasiao, Pangasinan",ILOCOS NORTE,LAOAG CITY,NO. 2 - SANTA JOAQUINA (POBLACION),GEN A LUNA ST,A P SANTOS ST - GOV. AGUEDO AGBAYANI ST(NOVALES ST),RR,"7,600.00"
" 01 - Calasiao, Pangasinan",ILOCOS NORTE,LAOAG CITY,NO. 2 - SANTA JOAQUINA (POBLACION),J LUNA ST,A P SANTOS ST - LAOAG RIVER,RR,"6,500.00"
" 01 - Calasiao, Pangasinan",ILOCOS NORTE,LAOAG CITY,NO. 2 - SANTA JOAQUINA (POBLACION),J P RIZAL ST,A P SANTOS ST - GOV. AGUEDO AGBAYANI ST(NOVALES ST),CR,"13,800.00"
" 01 - Calasiao, Pangasinan",ILOCOS NORTE,LAOAG CITY,NO. 2 - SANTA JOAQUINA (POBLACION),J P RIZAL ST,A P SANTOS ST - GOV. AGUEDO AGBAYANI ST(NOVALES ST),RR,"11,200.00"
" 01 - Calasiao, Pangasinan",ILOCOS NORTE,LAOAG CITY,NO. 2 - SANTA JOAQUINA (POBLACION),A.G. TUPAS ST. (L JAENA ST),A P SANTOS ST - GOV. AGUEDO AGBAYANI ST(NOVALES ST),RR,"7,800.00"
" 01 - Calasiao, Pangasinan",ILOCOS NORTE,LAOAG CITY,NO. 2 - SANTA JOAQUINA (POBLACION),GOV. AGUEDO AGBAYANI ST(NOVALES ST),"LAOAG RIVER - ANASTACIA G, TUPAZ ST(L JAENA ST)",RR,"6,500.00"
" 01 - Calasiao, Pangasinan",ILOCOS NORTE,LAOAG CITY,NO. 2 - SANTA JOAQUINA (POBLACION),GOV. AGUEDO AGBAYANI ST(NOVALES ST),"ANASTACIA G, TUPAS ST(L JAENA ST) - M. REMIGIO ST(P. GOMEZ ST)",RR,"7,800.00"
" 01 - Calasiao, Pangasinan",ILOCOS NORTE,LAOAG CITY,NO. 2 - SANTA JOAQUINA (POBLACION),GOV. AGUEDO AGBAYANI ST(NOVALES ST),P GOMEZ - GOV. AGUEDO AGBAYANI ST(NOVALES ST)-DEAD END,RR,"7,700.00"
" 01 - Calasiao, Pangasinan",ILOCOS NORTE,LAOAG CITY,NO. 2 - SANTA JOAQUINA (POBLACION),P. LAZARO ST. (P BURGOS ST),A P SANTOS - GOV. AGUEDO AGBAYANI ST(NOVALES ST),CR*,"9,600.00"
" 01 - Calasiao, Pangasinan",ILOCOS NORTE,LAOAG CITY,NO. 2 - SANTA JOAQUINA (POBLACION),P. LAZARO ST. (P BURGOS ST),A P SANTOS - GOV. AGUEDO AGBAYANI ST(NOVALES ST),RR,"8,000.00"
" 01 - Calasiao, Pangasinan",ILOCOS NORTE,LAOAG CITY,NO. 2 - SANTA JOAQUINA (POBLACION),M. REMIGIO ST. (P GOMEZ ST),A P SANTOS - GOV. AGUEDO AGBAYANI ST(NOVALES ST),CR,"12,900.00"
" 01 - Calasiao, Pangasinan",ILOCOS NORTE,LAOAG CITY,NO. 2 - SANTA JOAQUINA (POBLACION),M. REMIGIO ST. (P GOMEZ ST),A P SANTOS - GOV. AGUEDO AGBAYANI ST(NOVALES ST),RR,"10,200.00"
" 01 - Calasiao, Pangasinan",ILOCOS NORTE,LAOAG CITY,NO. 2 - SANTA JOAQUINA (POBLACION),M. REMIGIO ST. (P GOMEZ ST),GOV. AGUEDO AGBAYANI ST(NOVALES ST) - CAAOCAN ROAD,RR,"7,800.00"
" 01 - Calasiao, Pangasinan",ILOCOS NORTE,LAOAG CITY,NO. 2 - SANTA JOAQUINA (POBLACION),GOMBURZA ST. (P ZAMORA ST),A P SANTOS ST - GOV. AGUEDO AGBAYANI ST(NOVALES ST),RR,"8,600.00"
" 01 - Calasiao, Pangasinan",ILOCOS NORTE,LAOAG CITY,NO. 2 - SANTA JOAQUINA (POBLACION),J. TAMAYO ST,GOMBURZA-MAMERTO REMIGIO ST,RR,"7,800.00"
" 01 - Calasiao, Pangasinan",ILOCOS NORTE,LAOAG CITY,NO. 2 - SANTA JOAQUINA (POBLACION),ALL OTHER STREETS,ALONG THE ROAD,RR,"7,700.00"
" 01 - Calasiao, Pangasinan",ILOCOS NORTE,LAOAG CITY,NO. 2 - SANTA JOAQUINA (POBLACION),ALL OTHER STREETS,ALONG THE ROAD,GP/APD,"4,100.00"
" 01 - Calasiao, Pangasinan",ILOCOS NORTE,LAOAG CITY,NO. 2 - SANTA JOAQUINA (POBLACION),ALL OTHER STREETS,ALONG THE ROAD,A1,"3,600.00"
" 01 - Calasiao, Pangasinan",ILOCOS NORTE,LAOAG CITY,NO. 2 - SANTA JOAQUINA (POBLACION),ALL OTHER STREETS,ALONG THE ROAD,A2,"3,200.00"
" 01 - Calasiao, Pangasinan",ILOCOS NORTE,LAOAG CITY,NO. 2 - SANTA JOAQUINA (POBLACION),ALL OTHER STREETS,ALONG THE ROAD,A50,"2,700.00"
" 01 - Calasiao, Pangasinan",ILOCOS NORTE,LAOAG CITY,NO. 2 - SANTA JOAQUINA (POBLACION),ALL OTHER STREETS,INTERIOR,RR,"4,000.00"
" 01 - Calasiao, Pangasinan",ILOCOS NORTE,LAOAG CITY,NO. 2 - SANTA JOAQUINA (POBLACION),ALL OTHER STREETS,INTERIOR,A1*,"2,600.00"
" 01 - Calasiao, Pangasinan",ILOCOS NORTE,LAOAG CITY,NO. 2 - SANTA JOAQUINA (POBLACION),ALL OTHER STREETS,INTERIOR,A2*,"2,400.00"
" 01 - Calasiao, Pangasinan",ILOCOS NORTE,LAOAG CITY,NO. 2 - SANTA JOAQUINA (POBLACION),ALL OTHER STREETS,INTERIOR,A50,"2,200.00"
" 01 - Calasiao, Pangasinan",ILOCOS NORTE,LAOAG CITY,NO. 3 - NRA. SRA. DEL ROSARIO (POBLACION),A CASTRO AVENUE,DON CELESTINO PERALTA ST(A. DEL ROSARIO ST)-A P SANTOS ST,RR,"10,400.00"
" 01 - Calasiao, Pangasinan",ILOCOS NORTE,LAOAG CITY,NO. 3 - NRA. SRA. DEL ROSARIO (POBLACION),A CASTRO AVENUE,P HERNANDO ST-A P SANTOS ST,RR,"10,400.00"
" 01 - Calasiao, Pangasinan",ILOCOS NORTE,LAOAG CITY,NO. 3 - NRA. SRA. DEL ROSARIO (POBLACION),DON CELESTINO PERALTA ST(A. DEL ROSARIO ST),LAOAG RIVER - J LUNA ST,RR,"6,800.00"
" 01 - Calasiao, Pangasinan",ILOCOS NORTE,LAOAG CITY,NO. 3 - NRA. SRA. DEL ROSARIO (POBLACION),DON CELESTINO PERALTA ST(A. DEL ROSARIO ST),J LUNA ST - M. REMIGIO ST(P. GOMEZ ST),CR*,"12,500.00"
" 01 - Calasiao, Pangasinan",ILOCOS NORTE,LAOAG CITY,NO. 3 - NRA. SRA. DEL ROSARIO (POBLACION),DON CELESTINO PERALTA ST(A. DEL ROSARIO ST),J LUNA ST - M. REMIGIO ST(P. GOMEZ ST),RR,"10,900.00"
" 01 - Calasiao, Pangasinan",ILOCOS NORTE,LAOAG CITY,NO. 3 - NRA. SRA. DEL ROSARIO (POBLACION),A MABINI,DON CELESTINO PERALTA ST(A. DEL ROSARIO ST)-A P SANTOS ST,RR,"12,400.00"
" 01 - Calasiao, Pangasinan",ILOCOS NORTE,LAOAG CITY,NO. 3 - NRA. SRA. DEL ROSARIO (POBLACION),A MABINI,A P SANTOS ST-HERNANDO ST,RR,"12,400.00"
" 01 - Calasiao, Pangasinan",ILOCOS NORTE,LAOAG CITY,NO. 3 - NRA. SRA. DEL ROSARIO (POBLACION),A P SANTOS ST.,"LAOAG RIVER - ANASTACIA G, TUPAZS ST(L JAENA ST)",RR,"8,300.00"
" 01 - Calasiao, Pangasinan",ILOCOS NORTE,LAOAG CITY,NO. 3 - NRA. SRA. DEL ROSARIO (POBLACION),A P SANTOS ST.,"ANASTACIA G, TUPAS ST(L JAENA ST) - M. REMIGIO ST(P. GOMEZ ST)",CR*,"12,500.00"
" 01 - Calasiao, Pangasinan",ILOCOS NORTE,LAOAG CITY,NO. 3 - NRA. SRA. DEL ROSARIO (POBLACION),A P SANTOS ST.,"ANASTACIA G, TUPAS ST(L JAENA ST) - M. REMIGIO ST(P. GOMEZ ST)",RR,"10,900.00"
" 01 - Calasiao, Pangasinan",ILOCOS NORTE,LAOAG CITY,NO. 3 - NRA. SRA. DEL ROSARIO (POBLACION),D SAMONTE ST,"ANASTACIA G, TUPAS ST(L JAENA ST) - M. REMIGIO ST(P. GOMEZ ST)",CR*,"12,800.00"
" 01 - Calasiao, Pangasinan",ILOCOS NORTE,LAOAG CITY,NO. 3 - NRA. SRA. DEL ROSARIO (POBLACION),D SAMONTE ST,"ANASTACIA G, TUPAS ST(L JAENA ST) - M. REMIGIO ST(P. GOMEZ ST)",RR,"12,400.00"
" 01 - Calasiao, Pangasinan",ILOCOS NORTE,LAOAG CITY,NO. 3 - NRA. SRA. DEL ROSARIO (POBLACION),D SAMONTE ST,A P SANTOS ST-HERNANDO ST,CR,"15,900.00"
" 01 - Calasiao, Pangasinan",ILOCOS NORTE,LAOAG CITY,NO. 3 - NRA. SRA. DEL ROSARIO (POBLACION),D SAMONTE ST,A P SANTOS ST-HERNANDO ST,RR,"10,500.00"
" 01 - Calasiao, Pangasinan",ILOCOS NORTE,LAOAG CITY,NO. 3 - NRA. SRA. DEL ROSARIO (POBLACION),F R CASTRO AVENUE,DON CELESTINO PERALTA ST(A. DEL ROSARIO ST)-A P SANTOS ST,RR,"12,600.00"
" 01 - Calasiao, Pangasinan",ILOCOS NORTE,LAOAG CITY,NO. 3 - NRA. SRA. DEL ROSARIO (POBLACION),F R CASTRO AVENUE,A P SANTOS ST-HERNANDO ST,RR,"12,600.00"
" 01 - Calasiao, Pangasinan",ILOCOS NORTE,LAOAG CITY,NO. 3 - NRA. SRA. DEL ROSARIO (POBLACION),GEN LUNA ST,DON CELESTINO PERALTA ST(A. DEL ROSARIO ST)-A P SANTOS ST,CR*,"16,800.00"
" 01 - Calasiao, Pangasinan",ILOCOS NORTE,LAOAG CITY,NO. 3 - NRA. SRA. DEL ROSARIO (POBLACION),GEN LUNA ST,DON CELESTINO PERALTA ST(A. DEL ROSARIO ST)-A P SANTOS ST,RR,"15,300.00"
" 01 - Calasiao, Pangasinan",ILOCOS NORTE,LAOAG CITY,NO. 3 - NRA. SRA. DEL ROSARIO (POBLACION),GEN LUNA ST,A P SANTOS ST-HERNANDO ST,CR,"18,900.00"
" 01 - Calasiao, Pangasinan",ILOCOS NORTE,LAOAG CITY,NO. 3 - NRA. SRA. DEL ROSARIO (POBLACION),GEN LUNA ST,A P SANTOS ST-HERNANDO ST,RR,"11,500.00"
" 01 - Calasiao, Pangasinan",ILOCOS NORTE,LAOAG CITY,NO. 3 - NRA. SRA. DEL ROSARIO (POBLACION),HERNANDO ST,"LAOAG RIVER - ANASTACIA G, TUPAZ ST(L JAENA ST)",RR,"7,500.00"
" 01 - Calasiao, Pangasinan",ILOCOS NORTE,LAOAG CITY,NO. 3 - NRA. SRA. DEL ROSARIO (POBLACION),HERNANDO ST,"ANASTACIA G, TUPAS ST(L JAENA ST) - A CASTRO AVENUE",RR,"9,800.00"
" 01 - Calasiao, Pangasinan",ILOCOS NORTE,LAOAG CITY,NO. 3 - NRA. SRA. DEL ROSARIO (POBLACION),J LUNA ST,A DEL ROSARIO-5 DE AGOSTO 1906,RR,"7,500.00"
" 01 - Calasiao, Pangasinan",ILOCOS NORTE,LAOAG CITY,NO. 3 - NRA. SRA. DEL ROSARIO (POBLACION),J LUNA ST,A P SANTOS ST-HERNANDO ST,RR,"9,300.00"
" 01 - Calasiao, Pangasinan",ILOCOS NORTE,LAOAG CITY,NO. 3 - NRA. SRA. DEL ROSARIO (POBLACION),J LUNA ST,5 DE AGOSTO 1906-1 P SANTOS,RR,"11,500.00"
" 01 - Calasiao, Pangasinan",ILOCOS NORTE,LAOAG CITY,NO. 3 - NRA. SRA. DEL ROSARIO (POBLACION),J P RIZAL ST,A DEL ROSARIO-5 DE AGOSTO 1906,RR,"16,100.00"
" 01 - Calasiao, Pangasinan",ILOCOS NORTE,LAOAG CITY,NO. 3 - NRA. SRA. DEL ROSARIO (POBLACION),J P RIZAL ST,5 DE AGOSTO 1906-1 P SANTOS,RR,"19,000.00"
" 01 - Calasiao, Pangasinan",ILOCOS NORTE,LAOAG CITY,NO. 3 - NRA. SRA. DEL ROSARIO (POBLACION),J P RIZAL ST,A P SANTOS ST-HERNANDO ST,CR,"18,100.00"
" 01 - Calasiao, Pangasinan",ILOCOS NORTE,LAOAG CITY,NO. 3 - NRA. SRA. DEL ROSARIO (POBLACION),J P RIZAL ST,A P SANTOS ST-HERNANDO ST,RR,"15,800.00"
" 01 - Calasiao, Pangasinan",ILOCOS NORTE,LAOAG CITY,NO. 3 - NRA. SRA. DEL ROSARIO (POBLACION),A.G. TUPAS ST. (L JAENA ST)),DON CELESTINO PERALTA ST(A. DEL ROSARIO ST)-A P SANTOS ST,RR,"15,800.00"
" 01 - Calasiao, Pangasinan",ILOCOS NORTE,LAOAG CITY,NO. 3 - NRA. SRA. DEL ROSARIO (POBLACION),A.G. TUPAS ST. (L JAENA ST)),A P SANTOS ST-HERNANDO ST,RR,"13,100.00"
" 01 - Calasiao, Pangasinan",ILOCOS NORTE,LAOAG CITY,NO. 3 - NRA. SRA. DEL ROSARIO (POBLACION),P. LAZARO ST. (P BURGOS ST),DON CELESTINO PERALTA ST(A. DEL ROSARIO ST)-A P SANTOS ST,CR*,"14,700.00"
" 01 - Calasiao, Pangasinan",ILOCOS NORTE,LAOAG CITY,NO. 3 - NRA. SRA. DEL ROSARIO (POBLACION),P. LAZARO ST. (P BURGOS ST),DON CELESTINO PERALTA ST(A. DEL ROSARIO ST)-A P SANTOS ST,RR,"13,300.00"
" 01 - Calasiao, Pangasinan",ILOCOS NORTE,LAOAG CITY,NO. 3 - NRA. SRA. DEL ROSARIO (POBLACION),P. LAZARO ST. (P BURGOS ST),A P SANTOS ST-HERNANDO ST,CR*,"14,100.00"
" 01 - Calasiao, Pangasinan",ILOCOS NORTE,LAOAG CITY,NO. 3 - NRA. SRA. DEL ROSARIO (POBLACION),P. LAZARO ST. (P BURGOS ST),A P SANTOS ST-HERNANDO ST,RR,"13,300.00"
" 01 - Calasiao, Pangasinan",ILOCOS NORTE,LAOAG CITY,NO. 3 - NRA. SRA. DEL ROSARIO (POBLACION),M. REMIGIO ST. (P GOMEZ ST),DON CELESTINO PERALTA ST(A. DEL ROSARIO ST)-A P SANTOS ST,CR,"19,100.00"
" 01 - Calasiao, Pangasinan",ILOCOS NORTE,LAOAG CITY,NO. 3 - NRA. SRA. DEL ROSARIO (POBLACION),M. REMIGIO ST. (P GOMEZ ST),DON CELESTINO PERALTA ST(A. DEL ROSARIO ST)-A P SANTOS ST,RR,"14,300.00"
" 01 - Calasiao, Pangasinan",ILOCOS NORTE,LAOAG CITY,NO. 3 - NRA. SRA. DEL ROSARIO (POBLACION),M. REMIGIO ST. (P GOMEZ ST),A P SANTOS ST-HERNANDO ST,CR,"17,500.00"
" 01 - Calasiao, Pangasinan",ILOCOS NORTE,LAOAG CITY,NO. 3 - NRA. SRA. DEL ROSARIO (POBLACION),M. REMIGIO ST. (P GOMEZ ST),A P SANTOS ST-HERNANDO ST,RR,"13,200.00"
" 01 - Calasiao, Pangasinan",ILOCOS NORTE,LAOAG CITY,NO. 3 - NRA. SRA. DEL ROSARIO (POBLACION),GOMBURZA ST. (P ZAMORA ST),DON CELESTINO PERALTA ST(A. DEL ROSARIO ST)-A P SANTOS ST,RR,"13,100.00"
" 01 - Calasiao, Pangasinan",ILOCOS NORTE,LAOAG CITY,NO. 3 - NRA. SRA. DEL ROSARIO (POBLACION),GOMBURZA ST. (P ZAMORA ST),A P SANTOS ST-HERNANDO ST,RR,"14,500.00"
" 01 - Calasiao, Pangasinan",ILOCOS NORTE,LAOAG CITY,NO. 3 - NRA. SRA. DEL ROSARIO (POBLACION),DON FRANCISCO JULIAN ST(5 DE AGOSTO 1906 ST),"LAOAG RIVER - ANASTACIA G, TUPAS ST(L JAENA ST)",RR,"5,900.00"
" 01 - Calasiao, Pangasinan",ILOCOS NORTE,LAOAG CITY,NO. 3 - NRA. SRA. DEL ROSARIO (POBLACION),DON FRANCISCO JULIAN ST(5 DE AGOSTO 1906 ST),"ANASTACIA G, TUPAS ST(L JAENA ST) - PRIMO LAZARO ST( P BURGOS ST)",RR,"6,300.00"
" 01 - Calasiao, Pangasinan",ILOCOS NORTE,LAOAG CITY,NO. 3 - NRA. SRA. DEL ROSARIO (POBLACION),ALL OTHER STREETS,ALONG THE ROAD,CR,"18,000.00"
" 01 - Calasiao, Pangasinan",ILOCOS NORTE,LAOAG CITY,NO. 3 - NRA. SRA. DEL ROSARIO (POBLACION),ALL OTHER STREETS,ALONG THE ROAD,RR,"12,700.00"
" 01 - Calasiao, Pangasinan",ILOCOS NORTE,LAOAG CITY,NO. 3 - NRA. SRA. DEL ROSARIO (POBLACION),ALL OTHER STREETS,ALONG THE ROAD,A1,"7,200.00"
" 01 - Calasiao, Pangasinan",ILOCOS NORTE,LAOAG CITY,NO. 3 - NRA. SRA. DEL ROSARIO (POBLACION),ALL OTHER STREETS,ALONG THE ROAD,A2,"6,300.00"
" 01 - Calasiao, Pangasinan",ILOCOS NORTE,LAOAG CITY,NO. 3 - NRA. SRA. DEL ROSARIO (POBLACION),ALL OTHER STREETS,ALONG THE ROAD,APD/GP,"5,400.00"
" 01 - Calasiao, Pangasinan",ILOCOS NORTE,LAOAG CITY,NO. 3 - NRA. SRA. DEL ROSARIO (POBLACION),ALL OTHER STREETS,ALONG THE ROAD,A50,"5,300.00"
" 01 - Calasiao, Pangasinan",ILOCOS NORTE,LAOAG CITY,NO. 3 - NRA. SRA. DEL ROSARIO (POBLACION),ALL OTHER STREETS,INTERIOR,RR,"6,100.00"
" 01 - Calasiao, Pangasinan",ILOCOS NORTE,LAOAG CITY,NO. 3 - NRA. SRA. DEL ROSARIO (POBLACION),ALL OTHER STREETS,INTERIOR,GP/APD,"4,600.00"
" 01 - Calasiao, Pangasinan",ILOCOS NORTE,LAOAG CITY,NO. 3 - NRA. SRA. DEL ROSARIO (POBLACION),ALL OTHER STREETS,INTERIOR,A1,"3,900.00"
" 01 - Calasiao, Pangasinan",ILOCOS NORTE,LAOAG CITY,NO. 3 - NRA. SRA. DEL ROSARIO (POBLACION),ALL OTHER STREETS,INTERIOR,A2,"3,500.00"
" 01 - Calasiao, Pangasinan",ILOCOS NORTE,LAOAG CITY,NO. 4 - SAN GUILLERMO (POBLACION),A CASTRO AVENUE,INTERIOR,RR,"10,700.00"
" 01 - Calasiao, Pangasinan",ILOCOS NORTE,LAOAG CITY,NO. 4 - SAN GUILLERMO (POBLACION),DON CELESTINO PERALTA ST. (A DEL ROSARIO ST),LAOAG RIVER - J LUNA ST,RR,"8,100.00"
" 01 - Calasiao, Pangasinan",ILOCOS NORTE,LAOAG CITY,NO. 4 - SAN GUILLERMO (POBLACION),DON CELESTINO PERALTA ST. (A DEL ROSARIO ST),J LUNA - M. REMIGIO ST(P. GOMEZ ST),RR,"9,600.00"
" 01 - Calasiao, Pangasinan",ILOCOS NORTE,LAOAG CITY,NO. 4 - SAN GUILLERMO (POBLACION),DON CELESTINO PERALTA ST. (A DEL ROSARIO ST),J LUNA - M. REMIGIO ST(P. GOMEZ ST),GP,"7,300.00"
" 01 - Calasiao, Pangasinan",ILOCOS NORTE,LAOAG CITY,NO. 4 - SAN GUILLERMO (POBLACION),DON CELESTINO PERALTA ST. (A DEL ROSARIO ST),J LUNA - M. REMIGIO ST(P. GOMEZ ST),A1,"3,000.00"
" 01 - Calasiao, Pangasinan",ILOCOS NORTE,LAOAG CITY,NO. 4 - SAN GUILLERMO (POBLACION),DON CELESTINO PERALTA ST. (A DEL ROSARIO ST),J LUNA - M. REMIGIO ST(P. GOMEZ ST),A2,"1,700.00"
" 01 - Calasiao, Pangasinan",ILOCOS NORTE,LAOAG CITY,NO. 4 - SAN GUILLERMO (POBLACION),A MABINI ST,HIDALGO ST - DON CELESTINO PERALTA ST(A. DEL ROSARIO ST),RR,"14,600.00"
" 01 - Calasiao, Pangasinan",ILOCOS NORTE,LAOAG CITY,NO. 4 - SAN GUILLERMO (POBLACION),A MABINI ST,ABLAN AVENUE-HERNANDO ST,RR,"14,700.00"
" 01 - Calasiao, Pangasinan",ILOCOS NORTE,LAOAG CITY,NO. 4 - SAN GUILLERMO (POBLACION),ABLAN AVENUE,LAOAG RIVER - J LUNA ST,RR,"8,000.00"
" 01 - Calasiao, Pangasinan",ILOCOS NORTE,LAOAG CITY,NO. 4 - SAN GUILLERMO (POBLACION),ABLAN AVENUE,J LUNA ST - J P RIZAL ST,CR,"24,800.00"
" 01 - Calasiao, Pangasinan",ILOCOS NORTE,LAOAG CITY,NO. 4 - SAN GUILLERMO (POBLACION),D SAMONTE ST,HIDALGO -ST DON CELESTINO PERALTA ST(A. DEL ROSARIO ST),RR,"18,700.00"
" 01 - Calasiao, Pangasinan",ILOCOS NORTE,LAOAG CITY,NO. 4 - SAN GUILLERMO (POBLACION),D SAMONTE ST,ABLAN AVENUE-HERNANDO ST,CR,"22,200.00"
" 01 - Calasiao, Pangasinan",ILOCOS NORTE,LAOAG CITY,NO. 4 - SAN GUILLERMO (POBLACION),D SAMONTE ST,ABLAN AVENUE-HERNANDO ST,RR,"18,500.00"
" 01 - Calasiao, Pangasinan",ILOCOS NORTE,LAOAG CITY,NO. 4 - SAN GUILLERMO (POBLACION),F R CASTRO AVENUE,ROMERO ST - DON CELESTINO PERALTA ST(A. DEL ROSARIO ST),RR,"18,700.00"
" 01 - Calasiao, Pangasinan",ILOCOS NORTE,LAOAG CITY,NO. 4 - SAN GUILLERMO (POBLACION),F R CASTRO AVENUE,DON CELESTINO PERALTA ST(A DEL ROSARIO ST)-HERNANDO ST,CR,"20,900.00"
" 01 - Calasiao, Pangasinan",ILOCOS NORTE,LAOAG CITY,NO. 4 - SAN GUILLERMO (POBLACION),F R CASTRO AVENUE,DON CELESTINO PERALTA ST(A DEL ROSARIO ST)-HERNANDO ST,RR,"15,600.00"
" 01 - Calasiao, Pangasinan",ILOCOS NORTE,LAOAG CITY,NO. 4 - SAN GUILLERMO (POBLACION),GEN LUNA ST,HIDALGO ST - DON CELESTINO PERALTA ST(A. DEL ROSARIO ST),CR,"23,200.00"
" 01 - Calasiao, Pangasinan",ILOCOS NORTE,LAOAG CITY,NO. 4 - SAN GUILLERMO (POBLACION),GEN LUNA ST,ABLAN AVE. - DON CELESTINO PERALTA ST(A. DEL ROSARIO ST),RR,"18,700.00"
" 01 - Calasiao, Pangasinan",ILOCOS NORTE,LAOAG CITY,NO. 4 - SAN GUILLERMO (POBLACION),GEN LUNA ST,ABLAN AVENUE-HERNANDO ST,CR,"24,000.00"
" 01 - Calasiao, Pangasinan",ILOCOS NORTE,LAOAG CITY,NO. 4 - SAN GUILLERMO (POBLACION),GEN LUNA ST,ABLAN AVENUE-HERNANDO ST,RR,"20,200.00"
" 01 - Calasiao, Pangasinan",ILOCOS NORTE,LAOAG CITY,NO. 4 - SAN GUILLERMO (POBLACION),HIDALGO ST,J P RIZAL ST - GEN A LUNA ST,CR,"28,400.00"
" 01 - Calasiao, Pangasinan",ILOCOS NORTE,LAOAG CITY,NO. 4 - SAN GUILLERMO (POBLACION),HIDALGO ST,GEN A LUNA ST - M. REMIGIO ST(P. GOMEZ ST),RR,"17,200.00"
" 01 - Calasiao, Pangasinan",ILOCOS NORTE,LAOAG CITY,NO. 4 - SAN GUILLERMO (POBLACION),J LUNA ST,HERNANDO ST- DON CELESTINO PERALTA ST(A. DEL ROSARIO ST),CR,"18,700.00"
" 01 - Calasiao, Pangasinan",ILOCOS NORTE,LAOAG CITY,NO. 4 - SAN GUILLERMO (POBLACION),J LUNA ST,HERNANDO ST- DON CELESTINO PERALTA ST(A. DEL ROSARIO ST),RR,"8,500.00"
" 01 - Calasiao, Pangasinan",ILOCOS NORTE,LAOAG CITY,NO. 4 - SAN GUILLERMO (POBLACION),J P RIZAL ST,HIDALGO ST - DON CELESTINO PERALTA ST(A. DEL ROSARIO ST),CR,"26,000.00"
" 01 - Calasiao, Pangasinan",ILOCOS NORTE,LAOAG CITY,NO. 4 - SAN GUILLERMO (POBLACION),J P RIZAL ST,ABLAN AVENUE-HERNANDO ST,CR,"27,200.00"
" 01 - Calasiao, Pangasinan",ILOCOS NORTE,LAOAG CITY,NO. 4 - SAN GUILLERMO (POBLACION),J P RIZAL ST,ABLAN AVENUE-HERNANDO ST,RR,"19,800.00"
" 01 - Calasiao, Pangasinan",ILOCOS NORTE,LAOAG CITY,NO. 4 - SAN GUILLERMO (POBLACION),A.G. TUPAS ST. (L JAENA ST)),ROMERO ST - A DEL ROSARIO ST,RR,"17,100.00"
" 01 - Calasiao, Pangasinan",ILOCOS NORTE,LAOAG CITY,NO. 4 - SAN GUILLERMO (POBLACION),A.G. TUPAS ST. (L JAENA ST)),DON CELESTINO PERALTA ST(A DEL ROSARIO ST)-HERNANDO ST,CR,"22,500.00"
" 01 - Calasiao, Pangasinan",ILOCOS NORTE,LAOAG CITY,NO. 4 - SAN GUILLERMO (POBLACION),A.G. TUPAS ST. (L JAENA ST)),DON CELESTINO PERALTA ST(A DEL ROSARIO ST)-HERNANDO ST,RR,"18,700.00"
" 01 - Calasiao, Pangasinan",ILOCOS NORTE,LAOAG CITY,NO. 4 - SAN GUILLERMO (POBLACION),P. LAZARO ST. (P BURGOS ST),HIDALGO ST - DON CELESTINO PERALTA ST(A. DEL ROSARIO ST),RR,"18,500.00"
" 01 - Calasiao, Pangasinan",ILOCOS NORTE,LAOAG CITY,NO. 4 - SAN GUILLERMO (POBLACION),P. LAZARO ST. (P BURGOS ST),ABLAN AVENUE-HERNANDO ST,RR,"21,500.00"
" 01 - Calasiao, Pangasinan",ILOCOS NORTE,LAOAG CITY,NO. 4 - SAN GUILLERMO (POBLACION),M. REMIGIO ST. (P. GOMEZ ST),ABLAN AVE - DON CELESTINO PERALTA ST(A. DEL ROSARIO ST),RR,"18,300.00"
" 01 - Calasiao, Pangasinan",ILOCOS NORTE,LAOAG CITY,NO. 4 - SAN GUILLERMO (POBLACION),M. REMIGIO ST. (P. GOMEZ ST),HIDALGO ST - ABLAN AVE,CR,"22,200.00"
" 01 - Calasiao, Pangasinan",ILOCOS NORTE,LAOAG CITY,NO. 4 - SAN GUILLERMO (POBLACION),M. REMIGIO ST. (P. GOMEZ ST),ABLAN AVE - DON CELESTINO PERALTA ST(A. DEL ROSARIO ST),CR,"22,200.00"
" 01 - Calasiao, Pangasinan",ILOCOS NORTE,LAOAG CITY,NO. 4 - SAN GUILLERMO (POBLACION),M. REMIGIO ST. (P. GOMEZ ST),ABLAN AVE - DON CELESTINO PERALTA ST(A. DEL ROSARIO ST),GL*,"22,200.00"
" 01 - Calasiao, Pangasinan",ILOCOS NORTE,LAOAG CITY,NO. 4 - SAN GUILLERMO (POBLACION),GOMBURZA ST. (P ZAMORA ST),HIDALGO ST - DON CELESTINO PERALTA ST(A. DEL ROSARIO ST),CR*,"21,400.00"
" 01 - Calasiao, Pangasinan",ILOCOS NORTE,LAOAG CITY,NO. 4 - SAN GUILLERMO (POBLACION),GOMBURZA ST. (P ZAMORA ST),HIDALGO ST - DON CELESTINO PERALTA ST(A. DEL ROSARIO ST),RR,"18,600.00"
" 01 - Calasiao, Pangasinan",ILOCOS NORTE,LAOAG CITY,NO. 4 - SAN GUILLERMO (POBLACION),GOMBURZA ST. (P ZAMORA ST),AGBAYANI ST-HERNANDO ST,GL*,"22,200.00"
" 01 - Calasiao, Pangasinan",ILOCOS NORTE,LAOAG CITY,NO. 4 - SAN GUILLERMO (POBLACION),GOMBURZA ST. (P ZAMORA ST),ABLAN AVENUE-HERNANDO ST,CR,"22,400.00"
" 01 - Calasiao, Pangasinan",ILOCOS NORTE,LAOAG CITY,NO. 4 - SAN GUILLERMO (POBLACION),GOMBURZA ST. (P ZAMORA ST),ABLAN AVENUE-HERNANDO ST,RR,"17,100.00"
" 01 - Calasiao, Pangasinan",ILOCOS NORTE,LAOAG CITY,NO. 4 - SAN GUILLERMO (POBLACION),ROMERO ST,LAOAG RIVER - J LUNA ST,RR,"8,900.00"
" 01 - Calasiao, Pangasinan",ILOCOS NORTE,LAOAG CITY,NO. 4 - SAN GUILLERMO (POBLACION),ROMERO ST,J LUNA ST - J P RIZAL ST,RR,"12,800.00"
" 01 - Calasiao, Pangasinan",ILOCOS NORTE,LAOAG CITY,NO. 4 - SAN GUILLERMO (POBLACION),ROMERO ST,J LUNA ST - J P RIZAL ST,GP,"16,300.00"
" 01 - Calasiao, Pangasinan",ILOCOS NORTE,LAOAG CITY,NO. 4 - SAN GUILLERMO (POBLACION),ROMERO ST,J LUNA ST - J P RIZAL ST,A1,"4,300.00"
" 01 - Calasiao, Pangasinan",ILOCOS NORTE,LAOAG CITY,NO. 4 - SAN GUILLERMO (POBLACION),ROMERO ST,J LUNA ST - J P RIZAL ST,A2,"3,700.00"
" 01 - Calasiao, Pangasinan",ILOCOS NORTE,LAOAG CITY,NO. 4 - SAN GUILLERMO (POBLACION),P. HERNANDO ST,A. MABINI-TUPAZ ST,CR,"21,700.00"
" 01 - Calasiao, Pangasinan",ILOCOS NORTE,LAOAG CITY,NO. 4 - SAN GUILLERMO (POBLACION),P. HERNANDO ST,A. MABINI-TUPAZ ST,RR,"16,400.00"
" 01 - Calasiao, Pangasinan",ILOCOS NORTE,LAOAG CITY,NO. 4 - SAN GUILLERMO (POBLACION),P. HERNANDO ST,TUPAZ ST-RIVER END,CR,"18,000.00"
" 01 - Calasiao, Pangasinan",ILOCOS NORTE,LAOAG CITY,NO. 4 - SAN GUILLERMO (POBLACION),DON CELESTINO PERALTA ST.,A. MABINI-TUPAZ ST,CR,"18,100.00"
" 01 - Calasiao, Pangasinan",ILOCOS NORTE,LAOAG CITY,NO. 4 - SAN GUILLERMO (POBLACION),DON CELESTINO PERALTA ST.,A. MABINI-TUPAZ ST,RR,"11,100.00"
" 01 - Calasiao, Pangasinan",ILOCOS NORTE,LAOAG CITY,NO. 4 - SAN GUILLERMO (POBLACION),DON CELESTINO PERALTA ST.,TUPAZ ST-RIVER END,CR,"15,400.00"
" 01 - Calasiao, Pangasinan",ILOCOS NORTE,LAOAG CITY,NO. 4 - SAN GUILLERMO (POBLACION),DON CELESTINO PERALTA ST.,TUPAZ ST-RIVER END,RR,"13,000.00"
" 01 - Calasiao, Pangasinan",ILOCOS NORTE,LAOAG CITY,NO. 4 - SAN GUILLERMO (POBLACION),DON JULIAN(5 DE AGOSTO 1906 ST),PRIMO LAZARO- TUPAZ ST,CR,"18,000.00"
" 01 - Calasiao, Pangasinan",ILOCOS NORTE,LAOAG CITY,NO. 4 - SAN GUILLERMO (POBLACION),DON JULIAN(5 DE AGOSTO 1906 ST),PRIMO LAZARO- TUPAZ ST,RR,"13,100.00"
" 01 - Calasiao, Pangasinan",ILOCOS NORTE,LAOAG CITY,NO. 4 - SAN GUILLERMO (POBLACION),DON JULIAN(5 DE AGOSTO 1906 ST),TUPAZ ST-RIVER END,CR,"17,500.00"
" 01 - Calasiao, Pangasinan",ILOCOS NORTE,LAOAG CITY,NO. 4 - SAN GUILLERMO (POBLACION),DON JULIAN(5 DE AGOSTO 1906 ST),TUPAZ ST-RIVER END,RR,"12,900.00"
" 01 - Calasiao, Pangasinan",ILOCOS NORTE,LAOAG CITY,NO. 4 - SAN GUILLERMO (POBLACION),ABLAN AVENUE,J. P. RIZAL ST. - M. REMIGIO ST(P. GOMEZ ST),CR,"20,200.00"
" 01 - Calasiao, Pangasinan",ILOCOS NORTE,LAOAG CITY,NO. 4 - SAN GUILLERMO (POBLACION),ABLAN AVENUE,J. P. RIZAL ST. - M. REMIGIO ST(P. GOMEZ ST),RR,"13,600.00"
" 01 - Calasiao, Pangasinan",ILOCOS NORTE,LAOAG CITY,NO. 4 - SAN GUILLERMO (POBLACION),ABLAN AVENUE,REMIGIO-TUPAZ ST,CR,"10,500.00"
" 01 - Calasiao, Pangasinan",ILOCOS NORTE,LAOAG CITY,NO. 4 - SAN GUILLERMO (POBLACION),ABLAN AVENUE,REMIGIO-TUPAZ ST,RR,"5,000.00"
" 01 - Calasiao, Pangasinan",ILOCOS NORTE,LAOAG CITY,NO. 4 - SAN GUILLERMO (POBLACION),ABLAN AVENUE,LAOAG RIVER-TUPAZ ST,CR,"15,600.00"
" 01 - Calasiao, Pangasinan",ILOCOS NORTE,LAOAG CITY,NO. 4 - SAN GUILLERMO (POBLACION),ABLAN AVENUE,LAOAG RIVER-TUPAZ ST,RR,"11,200.00"
" 01 - Calasiao, Pangasinan",ILOCOS NORTE,LAOAG CITY,NO. 5 - SAN PEDRO (POBLACION),A CASTRO AVE.,Z FLORES ST -ABELARDO SAMONTE ST(HIDALGO ST),CR,"22,500.00"
" 01 - Calasiao, Pangasinan",ILOCOS NORTE,LAOAG CITY,NO. 5 - SAN PEDRO (POBLACION),A CASTRO AVE.,HERNANDO ST-MAURICIO CASTRO AVE.(BUGALLON ST),CR,"15,100.00"
" 01 - Calasiao, Pangasinan",ILOCOS NORTE,LAOAG CITY,NO. 5 - SAN PEDRO (POBLACION),A CASTRO AVE.,HERNANDO ST-MAURICIO CASTRO AVE.(BUGALLON ST),CR,"15,100.00"
" 01 - Calasiao, Pangasinan",ILOCOS NORTE,LAOAG CITY,NO. 5 - SAN PEDRO (POBLACION),BITANGA ST,LAOAG RIVER - J LUNA ST,RR,"7,700.00"
" 01 - Calasiao, Pangasinan",ILOCOS NORTE,LAOAG CITY,NO. 5 - SAN PEDRO (POBLACION),BITANGA ST,J LUNA ST - J P RIZAL ST,RR,"9,600.00"
" 01 - Calasiao, Pangasinan",ILOCOS NORTE,LAOAG CITY,NO. 5 - SAN PEDRO (POBLACION),D SAMONTE ST,Z FLORES ST -ABELARDO SAMONTE ST(HIDALGO ST),RR,"18,300.00"
" 01 - Calasiao, Pangasinan",ILOCOS NORTE,LAOAG CITY,NO. 5 - SAN PEDRO (POBLACION),D SAMONTE ST,Z FLORES-ABLAN AVENUE,CR,"22,700.00"
" 01 - Calasiao, Pangasinan",ILOCOS NORTE,LAOAG CITY,NO. 5 - SAN PEDRO (POBLACION),D SAMONTE ST,Z FLORES-ABLAN AVENUE,RR,"18,500.00"
" 01 - Calasiao, Pangasinan",ILOCOS NORTE,LAOAG CITY,NO. 5 - SAN PEDRO (POBLACION),F R CASTRO AVE,Z FLORES ST - ROMERO ST,CR,"27,200.00"
" 01 - Calasiao, Pangasinan",ILOCOS NORTE,LAOAG CITY,NO. 5 - SAN PEDRO (POBLACION),F R CASTRO AVE,Z FLORES ST - ROMERO ST,RR,"19,100.00"
" 01 - Calasiao, Pangasinan",ILOCOS NORTE,LAOAG CITY,NO. 5 - SAN PEDRO (POBLACION),F R CASTRO AVE,DON CELESTINO PERALTA ST(DEL ROSARIO ST)-ROMERO ST,CR,"26,900.00"
" 01 - Calasiao, Pangasinan",ILOCOS NORTE,LAOAG CITY,NO. 5 - SAN PEDRO (POBLACION),F R CASTRO AVE,DON CELESTINO PERALTA ST(DEL ROSARIO ST)-ROMERO ST,RR,"18,700.00"
" 01 - Calasiao, Pangasinan",ILOCOS NORTE,LAOAG CITY,NO. 5 - SAN PEDRO (POBLACION),GEN A LUNA ST,Z FLORES ST -ABELARDO SAMONTE ST(HIDALGO ST),CR,"27,400.00"
" 01 - Calasiao, Pangasinan",ILOCOS NORTE,LAOAG CITY,NO. 5 - SAN PEDRO (POBLACION),GEN A LUNA ST,Z FLORES-ABLAN AVENUE,CR,"27,200.00"
" 01 - Calasiao, Pangasinan",ILOCOS NORTE,LAOAG CITY,NO. 5 - SAN PEDRO (POBLACION),GEN A LUNA ST,Z FLORES-ABLAN AVENUE,RR,"18,600.00"
" 01 - Calasiao, Pangasinan",ILOCOS NORTE,LAOAG CITY,NO. 5 - SAN PEDRO (POBLACION),ABELARDO SAMONTE ST. (HIDALGO ST),J P RIZAL ST - GEN A LUNA ST,CR,"29,300.00"
" 01 - Calasiao, Pangasinan",ILOCOS NORTE,LAOAG CITY,NO. 5 - SAN PEDRO (POBLACION),ABELARDO SAMONTE ST. (HIDALGO ST),GEN A LUNA ST - M. REMIGIO ST(P. GOMEZ ST),RR,"18,300.00"
" 01 - Calasiao, Pangasinan",ILOCOS NORTE,LAOAG CITY,NO. 5 - SAN PEDRO (POBLACION),J LUNA ST,Z FLORES ST - ROMERO ST,RR,"7,900.00"
" 01 - Calasiao, Pangasinan",ILOCOS NORTE,LAOAG CITY,NO. 5 - SAN PEDRO (POBLACION),J LUNA ST,DON CELESTINO PERALTA ST(DEL ROSARIO ST)-ROMERO ST,RR,"8,200.00"
" 01 - Calasiao, Pangasinan",ILOCOS NORTE,LAOAG CITY,NO. 5 - SAN PEDRO (POBLACION),A.G. TUPAS ST. (L JAENA ST) ),Z FLORES ST - ROMERO ST,RR,"17,400.00"
" 01 - Calasiao, Pangasinan",ILOCOS NORTE,LAOAG CITY,NO. 5 - SAN PEDRO (POBLACION),A.G. TUPAS ST. (L JAENA ST) ),DON CELESTINO PERALTA ST(DEL ROSARIO ST)-ROMERO ST,CR,"23,800.00"
" 01 - Calasiao, Pangasinan",ILOCOS NORTE,LAOAG CITY,NO. 5 - SAN PEDRO (POBLACION),A.G. TUPAS ST. (L JAENA ST) ),DON CELESTINO PERALTA ST(DEL ROSARIO ST)-ROMERO ST,RR,"18,300.00"
" 01 - Calasiao, Pangasinan",ILOCOS NORTE,LAOAG CITY,NO. 5 - SAN PEDRO (POBLACION),P. LAZARO ST. (P BURGOS ST),Z FLORES ST -ABELARDO SAMONTE ST(HIDALGO ST),RR,"18,300.00"
" 01 - Calasiao, Pangasinan",ILOCOS NORTE,LAOAG CITY,NO. 5 - SAN PEDRO (POBLACION),P. LAZARO ST. (P BURGOS ST),Z FLORES-ABLAN AVENUE,CR,"23,800.00"
" 01 - Calasiao, Pangasinan",ILOCOS NORTE,LAOAG CITY,NO. 5 - SAN PEDRO (POBLACION),P. LAZARO ST. (P BURGOS ST),Z FLORES-ABLAN AVENUE,RR,"18,300.00"
" 01 - Calasiao, Pangasinan",ILOCOS NORTE,LAOAG CITY,NO. 5 - SAN PEDRO (POBLACION),M. REMIGIO ST. (P. GOMEZ ST),Z FLORES ST -ABELARDO SAMONTE ST(HIDALGO ST),RR,"18,300.00"
" 01 - Calasiao, Pangasinan",ILOCOS NORTE,LAOAG CITY,NO. 5 - SAN PEDRO (POBLACION),M. REMIGIO ST. (P. GOMEZ ST),Z FLORES-ABLAN AVENUE,CR,"24,400.00"
" 01 - Calasiao, Pangasinan",ILOCOS NORTE,LAOAG CITY,NO. 5 - SAN PEDRO (POBLACION),M. REMIGIO ST. (P. GOMEZ ST),Z FLORES-ABLAN AVENUE,RR,"18,600.00"
" 01 - Calasiao, Pangasinan",ILOCOS NORTE,LAOAG CITY,NO. 5 - SAN PEDRO (POBLACION),M. REMIGIO ST. (P. GOMEZ ST),ABLAN AVE-GEN HIZON ST,CR*,"24,400.00"
" 01 - Calasiao, Pangasinan",ILOCOS NORTE,LAOAG CITY,NO. 5 - SAN PEDRO (POBLACION),M. REMIGIO ST. (P. GOMEZ ST),ABLAN AVE-GEN HIZON ST,GL*,"24,400.00"
" 01 - Calasiao, Pangasinan",ILOCOS NORTE,LAOAG CITY,NO. 5 - SAN PEDRO (POBLACION),M. REMIGIO ST. (P. GOMEZ ST),ABLAN AVE-GEN HIZON ST,RR*,"18,600.00"
" 01 - Calasiao, Pangasinan",ILOCOS NORTE,LAOAG CITY,NO. 5 - SAN PEDRO (POBLACION),GOMBURZA ST. (P ZAMORA ST),Z FLORES ST -ABELARDO SAMONTE ST(HIDALGO ST),RR,"18,200.00"
" 2 - Calasiao, Pangasinan",ILOCOS NORTE,LAOAG CITY,NO. 5 - SAN PEDRO (POBLACION),GOMBURZA ST. (P ZAMORA ST),Z FLORES-ABLAN AVENUE,CR,"24,200.00"
" 3 - Calasiao, Pangasinan",ILOCOS NORTE,LAOAG CITY,NO. 5 - SAN PEDRO (POBLACION),GOMBURZA ST. (P ZAMORA ST),Z FLORES-ABLAN AVENUE,RR,"17,400.00"
" 4 - Calasiao, Pangasinan",ILOCOS NORTE,LAOAG CITY,NO. 5 - SAN PEDRO (POBLACION),RIZAL ST,Z FLORES ST - ROMERO ST,CR,"29,400.00"
" 5 - Calasiao, Pangasinan",ILOCOS NORTE,LAOAG CITY,NO. 5 - SAN PEDRO (POBLACION),RIZAL ST,DON CELESTINO PERALTA ST(DEL ROSARIO ST)-ROMERO ST,CR,"26,600.00"
" 6 - Calasiao, Pangasinan",ILOCOS NORTE,LAOAG CITY,NO. 5 - SAN PEDRO (POBLACION),ROMERO ST,LAOAG RIVER - J LUNA ST,RR,"10,100.00"
" 7 - Calasiao, Pangasinan",ILOCOS NORTE,LAOAG CITY,NO. 5 - SAN PEDRO (POBLACION),ROMERO ST,J LUNA ST - J P RIZAL ST,RR,"17,500.00"
" 8 - Calasiao, Pangasinan",ILOCOS NORTE,LAOAG CITY,NO. 5 - SAN PEDRO (POBLACION),Z FLORES ST,LAOAG RIVER - J P RIZAL ST,RR,"11,800.00"
" 9 - Calasiao, Pangasinan",ILOCOS NORTE,LAOAG CITY,NO. 5 - SAN PEDRO (POBLACION),Z FLORES ST,J LUNA ST - J P RIZAL ST,RR,"12,000.00"
" 10 - Calasiao, Pangasinan",ILOCOS NORTE,LAOAG CITY,NO. 5 - SAN PEDRO (POBLACION),Z FLORES ST,J P RIZAL ST - GEN A LUNA ST,CR,"33,500.00"
" 11 - Calasiao, Pangasinan",ILOCOS NORTE,LAOAG CITY,NO. 5 - SAN PEDRO (POBLACION),Z FLORES ST,GEN A LUNA ST - M. REMIGIO ST(P. GOMEZ ST),RR,"18,900.00"
" 12 - Calasiao, Pangasinan",ILOCOS NORTE,LAOAG CITY,NO. 5 - SAN PEDRO (POBLACION),Z FLORES ST,J P RIZAL ST - M. REMIGIO ST(P GOMEZ ST),CR,"30,500.00"
" 13 - Calasiao, Pangasinan",ILOCOS NORTE,LAOAG CITY,NO. 5 - SAN PEDRO (POBLACION),Z FLORES ST,J P RIZAL ST - M. REMIGIO ST(P GOMEZ ST),RR,"18,500.00"
" 14 - Calasiao, Pangasinan",ILOCOS NORTE,LAOAG CITY,NO. 5 - SAN PEDRO (POBLACION),A.MABINI ST.,Z FLORES ST-ABLAN AVENUE,CR,"29,300.00"
" 15 - Calasiao, Pangasinan",ILOCOS NORTE,LAOAG CITY,NO. 5 - SAN PEDRO (POBLACION),A.MABINI ST.,Z FLORES ST-ABLAN AVENUE,RR,"18,500.00"
" 16 - Calasiao, Pangasinan",ILOCOS NORTE,LAOAG CITY,NO. 5 - SAN PEDRO (POBLACION),ABLAN AVENUE,J P RIZAL ST - M. REMIGIO ST(P GOMEZ ST),CR,"20,200.00"
" 17 - Calasiao, Pangasinan",ILOCOS NORTE,LAOAG CITY,NO. 5 - SAN PEDRO (POBLACION),ABLAN AVENUE,J P RIZAL ST - M. REMIGIO ST(P GOMEZ ST),RR,"14,300.00"
" 18 - Calasiao, Pangasinan",ILOCOS NORTE,LAOAG CITY,NO. 5 - SAN PEDRO (POBLACION),ABLAN AVENUE,J. LUNA ST- A. CASTRO,RR,"23,200.00"
" 19 - Calasiao, Pangasinan",ILOCOS NORTE,LAOAG CITY,NO. 5 - SAN PEDRO (POBLACION),PERALTA ST,LAOAG RIVER - J LUNA ST,RR,"13,500.00"
" 20 - Calasiao, Pangasinan",ILOCOS NORTE,LAOAG CITY,NO. 5 - SAN PEDRO (POBLACION),PERALTA ST,J. LUNA - J. RIZAL ST,CR,"22,100.00"
" 21 - Calasiao, Pangasinan",ILOCOS NORTE,LAOAG CITY,NO. 5 - SAN PEDRO (POBLACION),C.A. SAMONTE,RIZAL ST- REMIGIO ST,CR,"30,900.00"
" 22 - Calasiao, Pangasinan",ILOCOS NORTE,LAOAG CITY,NO. 5 - SAN PEDRO (POBLACION),C.A. SAMONTE,RIZAL ST- REMIGIO ST,RR,"19,400.00"
" 23 - Calasiao, Pangasinan",ILOCOS NORTE,LAOAG CITY,NO. 5 - SAN PEDRO (POBLACION),ALL OTHER STREETS,ALONG THE ROAD,RR,"11,400.00"
" 24 - Calasiao, Pangasinan",ILOCOS NORTE,LAOAG CITY,NO. 5 - SAN PEDRO (POBLACION),ALL OTHER STREETS,ALONG THE ROAD,A1,"8,000.00"
" 25 - Calasiao, Pangasinan",ILOCOS NORTE,LAOAG CITY,NO. 5 - SAN PEDRO (POBLACION),ALL OTHER STREETS,ALONG THE ROAD,A2,"7,100.00"
" 26 - Calasiao, Pangasinan",ILOCOS NORTE,LAOAG CITY,NO. 5 - SAN PEDRO (POBLACION),ALL OTHER STREETS,ALONG THE ROAD,A50,"6,600.00"
" 27 - Calasiao, Pangasinan",ILOCOS NORTE,LAOAG CITY,NO. 5 - SAN PEDRO (POBLACION),ALL OTHER STREETS,INTERIOR,RR,"9,900.00"
" 28 - Calasiao, Pangasinan",ILOCOS NORTE,LAOAG CITY,NO. 5 - SAN PEDRO (POBLACION),ALL OTHER STREETS,INTERIOR,A1,"7,400.00"
" 29 - Calasiao, Pangasinan",ILOCOS NORTE,LAOAG CITY,NO. 5 - SAN PEDRO (POBLACION),ALL OTHER STREETS,INTERIOR,A50,"5,900.00"